<?xml version="1.0" encoding="UTF-8"?>
<project-private xmlns="http://www.netbeans.org/ns/project-private/1">
    <editor-bookmarks xmlns="http://www.netbeans.org/ns/editor-bookmarks/2" lastBookmarkId="0"/>
    <open-files xmlns="http://www.netbeans.org/ns/projectui-open-files/2">
        <group>
            <file>file:/C:/935106-work/ASS/ASS2-3_603410214-3/src/ass2/pkg3_603410214/pkg3/HolyAngemon_Priest_Mode.java</file>
            <file>file:/C:/935106-work/ASS/ASS2-3_603410214-3/src/ass2/pkg3_603410214/pkg3/Book.java</file>
            <file>file:/C:/935106-work/ASS/ASS2-3_603410214-3/src/ass2/pkg3_603410214/pkg3/ASS23_6034102143.java</file>
            <file>file:/C:/935106-work/ASS/ASS2-3_603410214-3/src/ass2/pkg3_603410214/pkg3/bibliography.java</file>
            <file>file:/C:/935106-work/ASS/ASS2-3_603410214-3/src/ass2/pkg3_603410214/pkg3/Digimon.java</file>
        </group>
    </open-files>
</project-private>
